/*
SQLyog Ultimate v8.32 
MySQL - 5.7.16 : Database - db_hotel
*********************************************************************
*/

/*!40101 SET NAMES utf8 */;

/*!40101 SET SQL_MODE=''*/;

/*!40014 SET @OLD_UNIQUE_CHECKS=@@UNIQUE_CHECKS, UNIQUE_CHECKS=0 */;
/*!40014 SET @OLD_FOREIGN_KEY_CHECKS=@@FOREIGN_KEY_CHECKS, FOREIGN_KEY_CHECKS=0 */;
/*!40101 SET @OLD_SQL_MODE=@@SQL_MODE, SQL_MODE='NO_AUTO_VALUE_ON_ZERO' */;
/*!40111 SET @OLD_SQL_NOTES=@@SQL_NOTES, SQL_NOTES=0 */;
CREATE DATABASE /*!32312 IF NOT EXISTS*/`db_hotel` /*!40100 DEFAULT CHARACTER SET utf8 */;

USE `db_hotel`;

/*Table structure for table `cooker` */

DROP TABLE IF EXISTS `cooker`;

CREATE TABLE `cooker` (
  `id` int(11) NOT NULL AUTO_INCREMENT COMMENT '主键',
  `cook_name` varchar(10) DEFAULT NULL COMMENT '厨师名',
  `cook_image_path` varchar(100) DEFAULT NULL COMMENT '厨师图片路径',
  `age` varchar(5) DEFAULT NULL COMMENT '年龄',
  `sex` varchar(5) DEFAULT '男' COMMENT '性别',
  `sarlary` float DEFAULT NULL COMMENT '薪水',
  `status` varchar(5) DEFAULT NULL COMMENT '是否启用',
  PRIMARY KEY (`id`)
) ENGINE=InnoDB AUTO_INCREMENT=13 DEFAULT CHARSET=utf8;

/*Data for the table `cooker` */

insert  into `cooker`(`id`,`cook_name`,`cook_image_path`,`age`,`sex`,`sarlary`,`status`) values (1,'王厨师','E:\\images\\王厨师.png','22','男',5200,'启用'),(2,'菜厨师','E:\\images\\菜厨师.png','22','男',4500,'启用'),(3,'李厨师','E:\\images\\李厨师.png','22','男',7000,'启用'),(4,'廖厨师','E:\\images\\廖厨师.png','22','男',7500,'启用'),(5,'包厨师','E:\\images\\包厨师.png','22','男',6500,'启用'),(6,'康厨师','E:\\images\\康厨师.png','22','男',6000,'启用'),(7,'李师傅','E:\\images\\王厨师.png','22','男',8000,'启用'),(9,'猪八戒','E:\\images\\图片1.png','44','男',144212,'启用'),(10,'李师傅','E:\\images\\图片1.png','21','男',5000,'启用'),(11,'八戒',NULL,'33','男',33333,'启用'),(12,'花花','E:\\images\\Chrysanthemum.jpg','22','女',6666,'启用');

/*Table structure for table `menu` */

DROP TABLE IF EXISTS `menu`;

CREATE TABLE `menu` (
  `id` int(11) NOT NULL AUTO_INCREMENT,
  `menu_name` varchar(100) DEFAULT NULL COMMENT '菜名',
  `menu_describe` varchar(500) DEFAULT NULL COMMENT '菜品描述',
  `status` varchar(10) DEFAULT NULL COMMENT '状态(启用/禁用)',
  `cook_id` varchar(11) DEFAULT NULL COMMENT '厨师（煮菜人）的编号',
  `menu_image_path` varchar(100) DEFAULT NULL COMMENT '菜品照片路径',
  `type_id` int(11) DEFAULT NULL COMMENT '菜单类型',
  `sort` varchar(20) DEFAULT NULL COMMENT '分类',
  `sort_id` varchar(11) DEFAULT NULL COMMENT '分类顺序',
  PRIMARY KEY (`id`)
) ENGINE=InnoDB AUTO_INCREMENT=114 DEFAULT CHARSET=utf8;

/*Data for the table `menu` */

insert  into `menu`(`id`,`menu_name`,`menu_describe`,`status`,`cook_id`,`menu_image_path`,`type_id`,`sort`,`sort_id`) values (1,'金牌蝦饺皇','好吃','启用','3,5,1','E:\\images\\金牌蝦饺皇.jpg',8,'蒸能量','1.0'),(2,'参汤四色蝦饺','好吃','启用','1,3,7','E:\\images\\参汤四色蝦饺.jpg',9,'蒸能量','1.0'),(3,'明蝦蟹子烧卖','好吃','启用','1,3,4,7','E:\\images\\明蝦蟹子烧卖.jpg',7,'蒸能量','1.0'),(4,'百合酱蒸凤爪','好吃','启用','1,3,4','E:\\images\\百合酱蒸凤爪.jpg',7,'蒸能量','1.0'),(5,'七彩鲮鱼球','好吃','启用','1,3,4','E:\\images\\七彩鲮鱼球.jpg',7,'蒸能量','1.0'),(6,'瑶柱糯米鸡','好吃','启用','1,3,4','E:\\images\\瑶柱糯米鸡.jpg',6,'蒸能量','1.0'),(7,'沙爹蒸金钱肚','好吃','启用','1,3,4','E:\\images\\沙爹蒸金钱肚.jpg',9,'蒸能量','1.0'),(8,'金钻黑椒蒸大肠','好吃','启用','1,3,4','E:\\images\\金钻黑椒蒸大肠.jpg',7,'肠如意','7.0'),(9,'陈皮蒸牛肉球','好吃','启用','1,3,4','E:\\images\\陈皮蒸牛肉球.jpg',6,'蒸能量','1.0'),(10,'雪菜肉鬆陈村粉','好吃','启用','1,3,4','E:\\images\\雪菜肉鬆陈村粉.jpg',3,'蒸能量','1.0'),(11,'安格斯黑椒牛仔骨','好吃','启用','1,3,4','E:\\images\\安格斯黑椒牛仔骨.jpg',9,'蒸能量','1.0'),(12,'中山小榄粉果仔','好吃','启用','1,3,4','E:\\images\\中山小榄粉果仔.jpg',5,'蒸能量','1.0'),(13,'潮州蒸果皇','好吃','启用','1,3,4','E:\\images\\潮州蒸果皇.jpg',3,'蒸能量','1.0'),(14,'特色蒸排骨','好吃','启用','1,3,4','E:\\images\\特色蒸排骨.jpg',7,'蒸能量','1.0'),(15,'鲍汁腐皮金菇卷','好吃','启用','1,3,4','E:\\images\\鲍汁腐皮金菇卷.jpg',5,'蒸能量','1.0'),(16,'蒜香海蝦菠菜饺','好吃','启用','1,3,4','E:\\images\\蒜香海蝦菠菜饺.jpg',4,'蒸能量','1.0'),(17,'青燕参糯米蒸软排','好吃','启用','1,3,4','E:\\images\\青燕参糯米蒸软排.jpg',6,'蒸能量','1.0'),(18,'荔湾艇仔粥','好吃','启用','1,3,4','E:\\images\\荔湾艇仔粥.jpg',6,'粥好运','2.0'),(19,'明火白粥','好吃','启用','1,3,4','E:\\images\\明火白粥.jpg',3,'粥好运','2.0'),(20,'香芋淡菜石螺粥','好吃','启用','1,3,4','E:\\images\\香芋淡菜石螺粥.jpg',5,'粥好运','2.0'),(21,'状元及第粥','好吃','启用','1,3,4','E:\\images\\状元及第粥.jpg',5,'粥好运','2.0'),(22,'皮蛋瘦肉粥','好吃','启用','1,3,4','E:\\images\\皮蛋瘦肉粥.jpg',5,'粥好运','2.0'),(23,'老火咸猪骨菜干粥','好吃','启用','1,3,4','E:\\images\\老火咸猪骨菜干粥.jpg',5,'粥好运','2.0'),(24,'枸杞猪润粥','好吃','启用','1,3,4','E:\\images\\枸杞猪润粥.jpg',5,'粥好运','2.0'),(25,'顺德鱼茸粥','好吃','启用','1,3,4','E:\\images\\顺德鱼茸粥.jpg',5,'粥好运','2.0'),(26,'淮山百合玉米粥','好吃','启用','1,3,4','E:\\images\\淮山百合玉米粥.jpg',4,'粥好运','2.0'),(27,'蜜汁叉烧包','好吃','启用','1,3,4','E:\\images\\蜜汁叉烧包.jpg',4,'包都德','4.0'),(28,'凤凰流沙包','好吃','启用','1,3,4','E:\\images\\凤凰流沙包.jpg',4,'包都德','4.0'),(29,'鸡油马拉糕','好吃','启用','1,3,4','E:\\images\\鸡油马拉糕.jpg',4,'包都德','4.0'),(30,'灌汤姜汁小笼包','好吃','启用','1,3,4','E:\\images\\灌汤姜汁小笼包.jpg',4,'包都德','4.0'),(31,'翡翠艾草糕','好吃','启用','1,3,4','E:\\images\\翡翠艾草糕.jpg',4,'包都德','4.0'),(32,'甘笋汁营养馒头','好吃','启用','1,3,4','E:\\images\\甘笋汁营养馒头.jpg',1,'包都德','4.0'),(33,'泰式冰榴莲','好吃','启用','1,3,4','E:\\images\\泰式冰榴莲.jpg',7,'糖水铺',NULL),(34,'香芒夹心椰子糕','好吃','启用','1,3,4','E:\\images\\香芒夹心椰子糕.jpg',5,'糖水铺',NULL),(35,'椰香脆皮年糕','好吃','启用','1,3,4','E:\\images\\椰香脆皮年糕.jpg',5,'糖水铺',NULL),(36,'杨枝甘露','好吃','启用','1,3,4','E:\\images\\杨枝甘露.jpg',8,'糖水铺',NULL),(37,'鬼鼠糯米滋','好吃','启用','1,3,4','E:\\images\\鬼鼠糯米滋.jpg',4,'糖水铺',NULL),(38,'千层桂花糕','好吃','启用','1,3,4','E:\\images\\千层桂花糕.jpg',5,'糖水铺',NULL),(39,'西杏片炸鲜奶','好吃','启用','1,3,4','E:\\images\\西杏片炸鲜奶.jpg',6,'糖水铺',NULL),(40,'不一样的椰汁红豆沙','好吃','启用','1,3,4','E:\\images\\不一样的椰汁红豆沙.jpg',3,'糖水铺',NULL),(41,'麻辣金钱肚丝','好吃','启用','1,3,4','E:\\images\\麻辣金钱肚丝.jpg',6,'小菜一碟','5.0'),(42,'老醋鳖头','好吃','启用','1,3,4','E:\\images\\老醋鳖头.jpg',6,'小菜一碟','5.0'),(43,'椒麻拍黄瓜','好吃','启用','1,3,4','E:\\images\\椒麻拍黄瓜.jpg',3,'小菜一碟','5.0'),(44,'爽口新疆黑木耳','好吃','启用','1,3,4','E:\\images\\爽口新疆黑木耳.jpg',3,'小菜一碟','5.0'),(45,'鼓香多春鱼','好吃','启用','1,3,4','E:\\images\\鼓香多春鱼.jpg',6,'小菜一碟','5.0'),(46,'樱桃小萝卜','好吃','启用','1,3,4','E:\\images\\樱桃小萝卜.jpg',3,'小菜一碟','5.0'),(47,'凉拌鱼皮','好吃','启用','1,3,4','E:\\images\\凉拌鱼皮.jpg',6,'小菜一碟','5.0'),(48,'招牌陈醋浸凤爪','好吃','启用','1,3,4','E:\\images\\招牌陈醋浸凤爪.jpg',7,'齿留香','6.0'),(49,'醇香鼓油皇凤爪','好吃','启用','1,3,4','E:\\images\\醇香鼓油皇凤爪.jpg',7,'齿留香','6.0'),(50,'蒸汁马蹄糕','好吃','启用','1,3,4','E:\\images\\蒸汁马蹄糕.jpg',3,'齿留香','6.0'),(51,'香煎萝卜糕','好吃','启用','1,3,4','E:\\images\\香煎萝卜糕.jpg',3,'齿留香','6.0'),(52,'金牌靓油条','好吃','启用','1,3,4','E:\\images\\金牌靓油条.jpg',1,'齿留香','6.0'),(53,'日式青芥萝卜糕','好吃','启用','1,3,4','E:\\images\\日式青芥萝卜糕.jpg',5,'齿留香','6.0'),(54,'鸡丝炸春卷','好吃','启用','1,3,4','E:\\images\\鸡丝炸春卷.jpg',2,'齿留香','6.0'),(55,'生煎韭菜饺','好吃','启用','1,3,4','E:\\images\\生煎韭菜饺.jpg',3,'齿留香','6.0'),(56,'金腿咸水饺','好吃','启用','1,3,4','E:\\images\\金腿咸水饺.jpg',3,'齿留香','6.0'),(57,'xo酱炒萝卜糕','好吃','启用','1,3,4','E:\\images\\xo酱炒萝卜糕.jpg',7,'齿留香','6.0'),(58,'韭菜海蝦薄饼','好吃','启用','1,3,4','E:\\images\\韭菜海蝦薄饼.jpg',6,'齿留香','6.0'),(59,'农家小米糕','好吃','启用','1,3,4','E:\\images\\农家小米糕.jpg',3,'齿留香','6.0'),(60,'绿茶果皇薄撑','好吃','启用','1,3,4','E:\\images\\绿茶果皇薄撑.jpg',4,'齿留香','6.0'),(61,'南越煎春卷','好吃','启用','1,3,4','E:\\images\\南越煎春卷.jpg',3,'齿留香','6.0'),(62,'焙煎腐皮春卷','好吃','启用','1,3,4','E:\\images\\焙煎腐皮春卷.jpg',5,'齿留香','6.0'),(63,'金莎海蝦红米肠','好吃','启用','1,3,4','E:\\images\\金莎海蝦红米肠.jpg',9,'肠如意','7.0'),(64,'芜茜牛肉肠','好吃','启用','1,3,4','E:\\images\\芜茜牛肉肠.jpg',6,'肠如意','7.0'),(65,'港式混酱蒸肠粉','好吃','启用','1,3,4','E:\\images\\港式混酱蒸肠粉.jpg',4,'肠如意','7.0'),(66,'鼓油皇三丝炒面','好吃','启用','1,3,4','E:\\images\\鼓油皇三丝炒面.jpg',5,'肠如意','7.0'),(67,'鼓油皇砂锅猪肠粉','好吃','启用','1,3,4','E:\\images\\鼓油皇砂锅猪肠粉.jpg',5,'肠如意','7.0'),(68,'菜心粒猪肠粉','好吃','启用','1,3,4','E:\\images\\菜心粒猪肠粉.jpg',5,'肠如意','7.0'),(69,'布拉罗汉斋肠','好吃','启用','1,3,4','E:\\images\\布拉罗汉斋肠.jpg',5,'肠如意','7.0'),(70,'香滑芝麻斋肠','好吃','启用','1,3,4','E:\\images\\香滑芝麻斋肠.jpg',2,'肠如意','7.0'),(71,'泡菜炒陈村粉','好吃','启用','1,3,4','E:\\images\\泡菜炒陈村粉.jpg',5,'肠如意','7.0'),(72,'干炒牛河','好吃','启用','1,3,4','E:\\images\\干炒牛河.jpg',5,'肠如意','7.0'),(73,'金枕榴莲酥','好吃','启用','1,3,4','E:\\images\\金枕榴莲酥.jpg',7,'焗焗赢','8.0'),(74,'炭焗叉烧酥','好吃','启用','1,3,4','E:\\images\\炭焗叉烧酥.jpg',4,'焗焗赢','8.0'),(75,'鬆化鸡蛋挞','好吃','启用','1,3,4','E:\\images\\鬆化鸡蛋挞.jpg',4,'焗焗赢','8.0'),(76,'日式青芥三文鱼挞','好吃','启用','1,3,4','E:\\images\\日式青芥三文鱼挞.jpg',7,'焗焗赢','8.0'),(77,'芝士焗番薯','好吃','启用','1,3,4','E:\\images\\芝士焗番薯.jpg',4,'焗焗赢','8.0'),(78,'法式焗餐包','好吃','启用','1,3,4','E:\\images\\法式焗餐包.jpg',4,'焗焗赢','8.0'),(79,'迷你红豆酥','好吃','启用','1,3,4','E:\\images\\迷你红豆酥.jpg',3,'焗焗赢','8.0'),(80,'酥皮流心糯米糍','好吃','启用','1,3,4','E:\\images\\酥皮流心糯米糍.jpg',4,'焗焗赢','8.0'),(81,'萝卜酥','好吃','启用','1,3,4','E:\\images\\萝卜酥.jpg',3,'焗焗赢','8.0'),(82,'原雙椰子炖竹丝鸡汤','好吃','启用','1,3,4','E:\\images\\原雙椰子炖竹丝鸡汤.jpg',9,'汤滋补','12.0'),(83,'韭菜扒猪红','好吃','启用','1,3,4','E:\\images\\韭菜扒猪红.jpg',3,'灼灼鲜','9.0'),(84,'炭烧猪青鱼浓汤米线','好吃','启用','1,3,4','E:\\images\\炭烧猪青鱼浓汤米线.jpg',6,'灼灼鲜','9.0'),(85,'传统濑粉','好吃','启用','1,3,4','E:\\images\\传统濑粉.jpg',5,'灼灼鲜','9.0'),(86,'上汤富春菜心','好吃','启用','1,3,4','E:\\images\\上汤富春菜心.jpg',6,'健康选','10.0'),(87,'白灼意大利生菜','好吃','启用','1,3,4','E:\\images\\白灼意大利生菜.jpg',6,'健康选','10.0'),(88,'姜茸水东芥','好吃','启用','1,3,4','E:\\images\\姜茸水东芥.jpg',7,'健康选','10.0'),(89,'上汤桑芽枼','好吃','启用','1,3,4','E:\\images\\上汤桑芽枼.jpg',6,'健康选','10.0'),(90,'腊味排骨饭','好吃','启用','1,3,4','E:\\images\\腊味排骨饭.jpg',8,'饭饭掂','11.0'),(91,'凤爪排骨饭','好吃','启用','1,3,4','E:\\images\\凤爪排骨饭.jpg',8,'饭饭掂','11.0'),(92,'梅菜肉饼饭','好吃','启用','1,3,4','E:\\images\\梅菜肉饼饭.jpg',9,'饭饭掂','11.0'),(93,'生炒燕参糯米饭','好吃','启用','1,3,4','E:\\images\\生炒燕参糯米饭.jpg',9,'饭饭掂','11.0'),(94,'原雙菠萝海鲜炒饭 ','好吃','启用','1,3,4','E:\\images\\原雙菠萝海鲜炒饭.jpg',9,'饭饭掂','11.0'),(96,'烤猪','烤猪很香','启用',NULL,NULL,10,'蒸能量','1.0'),(98,'蝙蝠','123',NULL,NULL,NULL,NULL,'蒸能量','1.0'),(99,'烤竹鼠','好吃','启用',NULL,NULL,1,'蒸能量','1.0'),(100,'猪蹄','还可以','启用','3',NULL,7,'蒸能量','1.0'),(101,'炸蝙蝠','香','启用','6',NULL,7,'蒸能量','1.0'),(102,'烤猪','烤猪很香','启用',NULL,NULL,10,'蒸能量','1.0'),(103,'烤猪','烤猪很香','启用',NULL,NULL,10,'蒸能量','1.0'),(110,'123','333','启用','1,2','E:\\images\\图片1.png',1,'蒸能量','1.0'),(111,'小黄鱼','333','启用','1,','E:\\images\\Penguins.jpg',2,'蒸能量','1.0'),(112,'烤猪','烤猪很香','启用',NULL,NULL,10,'蒸能量','0.0'),(113,'烤猪','烤猪很香','启用',NULL,NULL,10,'蒸能量','0.0');

/*Table structure for table `menu_type` */

DROP TABLE IF EXISTS `menu_type`;

CREATE TABLE `menu_type` (
  `id` int(11) NOT NULL AUTO_INCREMENT COMMENT '主键',
  `type_name` varchar(20) DEFAULT NULL COMMENT '菜单名称',
  `type_price` float DEFAULT NULL COMMENT '类型价格',
  PRIMARY KEY (`id`)
) ENGINE=InnoDB AUTO_INCREMENT=13 DEFAULT CHARSET=utf8;

/*Data for the table `menu_type` */

insert  into `menu_type`(`id`,`type_name`,`type_price`) values (1,'小',7),(2,'中 ',12),(3,'大',15),(4,'贵',616),(5,'顶',19),(6,'超',22),(7,'精',25),(8,'美',27),(9,'佳',29),(10,'贵',616),(11,'特',17),(12,'豪华',888);

/*Table structure for table `om_user` */

DROP TABLE IF EXISTS `om_user`;

CREATE TABLE `om_user` (
  `id` int(11) NOT NULL AUTO_INCREMENT COMMENT '用户ID',
  `USER_NAME` varchar(50) DEFAULT '智慧食客' COMMENT '用户名',
  `LOGIN_NAME` varchar(100) DEFAULT NULL COMMENT '登录名',
  `LOGIN_PWD` varchar(100) DEFAULT NULL COMMENT '登录密码',
  `AGE` varchar(11) DEFAULT '0' COMMENT '年龄',
  `SEX` varchar(10) DEFAULT NULL COMMENT '性别',
  `IDENTITY` varchar(10) DEFAULT NULL COMMENT '用户身份',
  `CREATE_TIME` datetime DEFAULT NULL COMMENT '创建时间',
  `USER_LOCK` varchar(10) DEFAULT NULL COMMENT '是否启用',
  `TEL` varchar(17) DEFAULT NULL COMMENT '电话号码',
  `ADDR` varchar(200) DEFAULT NULL COMMENT '住址',
  `QQ` varchar(100) DEFAULT NULL COMMENT 'QQ号',
  `WECHAT` varchar(100) DEFAULT NULL COMMENT '微信号',
  PRIMARY KEY (`id`)
) ENGINE=InnoDB AUTO_INCREMENT=19 DEFAULT CHARSET=utf8;

/*Data for the table `om_user` */

insert  into `om_user`(`id`,`USER_NAME`,`LOGIN_NAME`,`LOGIN_PWD`,`AGE`,`SEX`,`IDENTITY`,`CREATE_TIME`,`USER_LOCK`,`TEL`,`ADDR`,`QQ`,`WECHAT`) values (1,'超级管理员','admin','123','21','男','管理员',NULL,'启用',NULL,NULL,'961897121','15920378751'),(2,'廖文彬','liaowb','123',NULL,'男','食客',NULL,'启用',NULL,NULL,NULL,NULL),(4,'肖先生','xiaoxiao','123','21','男','管理员','2020-01-25 10:39:43','启用',NULL,'广州大学华软','961897121','15920378751'),(5,NULL,'admin1','1234',NULL,NULL,'食客',NULL,'启用',NULL,NULL,NULL,NULL),(16,'吃蝙蝠吧','bianfu','1234567','22','女','食客','2020-02-03 03:18:18','启用','12580','湖北武汉','123456789','null'),(17,'小明','xiaoming','123456','21','男','食客','2020-02-03 04:21:27','启用','null','长安','null','null'),(18,'智慧食客','ceshi','123456',NULL,NULL,'食客','2020-02-24 03:35:21','启用',NULL,NULL,NULL,NULL);

/*Table structure for table `order` */

DROP TABLE IF EXISTS `order`;

CREATE TABLE `order` (
  `id` int(11) NOT NULL AUTO_INCREMENT COMMENT '主键',
  `level` varchar(10) DEFAULT NULL COMMENT '评价等级',
  `menu_list` varchar(100) DEFAULT NULL COMMENT '菜单id',
  `total_price` float DEFAULT NULL COMMENT '总价',
  `create_time` timestamp NULL DEFAULT NULL COMMENT '订单创建时间',
  `appraise` varchar(200) DEFAULT NULL COMMENT '评价',
  `appraise_time` timestamp NULL DEFAULT NULL COMMENT '评价时间',
  `cooker_list` varchar(200) DEFAULT NULL COMMENT '厨师id',
  `user_id` varchar(100) DEFAULT NULL COMMENT '用户id',
  PRIMARY KEY (`id`)
) ENGINE=InnoDB AUTO_INCREMENT=53 DEFAULT CHARSET=utf8;

/*Data for the table `order` */

insert  into `order`(`id`,`level`,`menu_list`,`total_price`,`create_time`,`appraise`,`appraise_time`,`cooker_list`,`user_id`) values (6,'2.0','1,7,8,9',103,'2020-02-19 09:48:35','不好吃',NULL,'5,3,3,1','1'),(7,'4.0','1,2',56,'2020-02-20 02:19:20','奥利给','2020-02-24 14:01:06','3,7','17'),(8,'4.0','13,14',40,'2020-02-20 14:25:34','好吃','2020-02-24 14:28:31','3,1','17'),(9,'4.0','1,2,3',81,'2020-02-20 16:12:14','干净卫生','2020-02-24 14:32:15','3,7,7','17'),(10,'4.0','1',27,'2020-02-20 16:14:01','好吃好吃','2020-02-24 14:47:18','3','17'),(11,'5.0','12',19,'2020-02-20 16:29:05','倍香','2020-02-24 14:42:06','3','17'),(12,'4.0','1,2,3,4,5',131,'2020-02-20 16:41:38','好吃好吃，奥利给！','2020-02-24 14:38:33','3,7,3,4,1','17'),(13,'5.0','18,19',37,'2020-02-20 17:22:13','哈哈哈哈哈','2020-02-24 14:49:01','3,4','17'),(14,'5.0','1,3',52,'2020-02-20 17:36:42','哈哈哈哈哈哈哈','2020-02-24 15:09:25','5,7','16'),(15,'3.5','1,9',49,'2020-02-20 17:38:05','啊阿奇','2020-02-24 00:07:31','3,4','16'),(16,'4.5','1,1',54,'2020-02-21 11:19:33','哈哈哈哈哈哈哈','2020-02-24 15:01:19','3,5','17'),(17,'5.0','1,1,1',81,'2020-02-21 11:37:55','咕咕咕咕咕咕咕','2020-02-24 15:03:46','3,5,3','17'),(18,'4.0','1,1,2,2,3,3',162,'2020-02-21 14:48:33','好好','2020-02-24 15:18:20','3,5,3,3,3,3','17'),(19,'5.0','2,2,2,3,3,4',162,'2020-02-21 15:51:02','健康两节课韩都衣舍图书图','2020-02-24 15:27:31','3,3,3,7,7','17'),(20,'4.0','1,1,2,2,3',137,'2020-02-21 15:51:50','国服发现','2020-02-24 16:20:17','3,3,3,7,4','17'),(21,'','1,1,1,2,2,3',164,'2020-02-21 15:54:24','',NULL,'3,3,3,3,3,4','17'),(22,'5.0','13,13,13,13,14,15,16,17',126,'2020-02-21 15:55:58','好感动就放假肝胆涂地伽伽','2020-02-24 15:11:58','3,4,4,4,3,3,3,3','17'),(23,'','1,1,2,3',56,'2020-02-21 18:09:34','',NULL,'3,3,3','17'),(24,'','2,3',81,'2020-02-21 20:57:27','',NULL,'1,1,3','17'),(25,'','2,3',81,'2020-02-21 20:59:24','',NULL,'3,3,7,7','17'),(26,'','2,4',54,'2020-02-21 21:29:17','',NULL,'7,3','17'),(27,'4.5','2,3',54,'2020-02-23 13:35:32','好吃，奥利给','2020-02-24 13:54:33','3,7','16'),(28,'4.0','1,2,3',81,'2020-02-23 13:38:22','哈哈哈','2020-02-23 15:24:35','1,1,7','16'),(29,'4.0','8,9,11',76,'2020-02-24 14:57:25','烦烦烦烦烦','2020-02-24 16:23:30','3,1,4','17'),(30,'5.0','5,6,7,8',101,'2020-02-24 14:59:07','好吃','2020-02-24 14:59:29','3,4,1,4','17'),(31,'4.0','1,2,3,4',106,'2020-02-24 15:09:51','呼呼呼','2020-02-24 15:10:08','3,7,4,1','16'),(32,'5.0','1',27,'2020-02-24 15:35:34','好吃','2020-02-24 15:35:47','1','18'),(33,'5.0','2',29,'2020-02-24 15:38:01','还是睡觉我就','2020-02-24 15:38:13','3','18'),(34,'4.0','3',25,'2020-02-24 15:40:48','好好','2020-02-24 15:41:02','7','18'),(35,'3.5','5,6',47,'2020-02-24 15:46:57','斩杀','2020-02-24 15:47:11','4,3','18'),(36,'5.0','9,10',37,'2020-02-24 15:50:24','滚滚滚','2020-02-24 15:51:02','4,3','18'),(37,'3.5','9',22,'2020-02-24 15:54:09','一点一点加油','2020-02-24 15:58:22','4','18'),(38,'4.0','2',29,'2020-02-24 16:00:53','打火机好方法','2020-02-24 16:01:52','7','18'),(39,'4.5','14,14',50,'2020-02-24 16:11:29','好吃','2020-02-24 16:11:50','3,3','18'),(40,'4.0','4',25,'2020-02-24 16:12:11','初伏姑姑','2020-02-24 16:12:28','4','18'),(41,'4.0','2',29,'2020-02-24 16:14:24','过户女方','2020-02-24 16:15:05','7','18'),(42,'3.5','8',25,'2020-02-24 16:17:14','哥好几个人','2020-02-24 16:17:33','4','18'),(43,'4.0','8,8',50,'2020-02-24 16:18:07','股股份','2020-02-24 16:18:20','4,4','18'),(44,'4.0','1,10',42,'2020-02-24 16:34:33','啊舒服','2020-02-24 16:34:52','3,4','18'),(45,'4.0','5,6',47,'2020-02-24 16:36:18','我宿舍','2020-02-24 16:36:31','4,1','18'),(46,'4.0','10,11',44,'2020-02-24 16:37:10','睡个觉放假放的','2020-02-24 16:39:35','1,4','18'),(47,'4.0','8,9',47,'2020-02-24 16:39:19','度哥哥','2020-02-24 16:40:30','3,4','18'),(48,'','1',27,'2020-02-24 22:03:15','',NULL,'5','18'),(49,'5星','1,2,3',555,'2020-02-28 04:14:19','好','2020-02-28 04:14:19','1,2,3',NULL),(50,'5星','1,2,3',555,'2020-02-28 04:18:13','好','2020-02-28 04:18:13','1,2,3',NULL),(51,'5星','1,2,3',555,'2020-02-28 04:19:48','好','2020-02-28 04:19:48','1,2,3',NULL),(52,'5星','1,2,3',555,'2020-02-28 04:21:36','好','2020-02-28 04:21:36','1,2,3',NULL);

/*!40101 SET SQL_MODE=@OLD_SQL_MODE */;
/*!40014 SET FOREIGN_KEY_CHECKS=@OLD_FOREIGN_KEY_CHECKS */;
/*!40014 SET UNIQUE_CHECKS=@OLD_UNIQUE_CHECKS */;
/*!40111 SET SQL_NOTES=@OLD_SQL_NOTES */;
